708473,java
694650,c#
692721,javascript
637039,php
564956,android
528490,jquery
339652,python
337340,html
314869,c++
271117,mysql
268893,ios
249502,css
238476,sql
233389,asp.net
200862,objective-c
195337,iphone
194383,.net
177570,ruby-on-rails
151856,c
114414,ruby
108785,sql-server
102515,arrays
101392,ajax
98830,xml
97949,regex
94229,asp.net-mvc
90441,wpf
90156,json
84478,linux
80968,database
80922,django
73330,vb.net
73143,eclipse
69531,windows
68523,xcode
67295,r
64540,string
62271,html5
60084,facebook
59165,multithreading
58748,wordpress
56191,node.js
53693,angularjs
53081,image
52356,winforms
51939,ruby-on-rails-3
51651,excel
50733,spring
49934,forms
47009,osx
46221,oracle
45886,performance
45708,git
45325,swing
44554,algorithm
43057,apache
42877,visual-studio-2010
42528,linq
41332,bash
40301,entity-framework
40230,web-services
40144,perl
38456,wcf
37988,hibernate
37792,asp.net-mvc-3
37786,visual-studio
37458,sql-server-2008
37301,matlab
34553,actionscript-3
34438,qt
34264,list
33877,.htaccess
33618,mongodb
33465,sqlite
32762,css3
32524,file
31960,vba
31531,function
31226,api
31144,codeigniter
30795,ipad
30732,postgresql
30510,cocoa
30339,cocoa-touch
30229,class
29946,twitter-bootstrap
29892,flash
29630,google-maps
29506,shell
29421,jquery-ui
29130,jsp
29099,tsql
29075,scala
28476,security
28187,delphi
28024,sockets
27853,asp.net-mvc-4
27741,validation
27617,google-app-engine
27343,unit-testing
27066,internet-explorer
26860,xaml
26696,oop
26654,silverlight
26580,google-chrome
26161,rest
25851,maven
25826,email
25811,magento
25610,uitableview
25487,android-layout
25476,parsing
25314,http
24277,debugging
23997,listview
23683,sorting
23532,date
23326,jsf
23148,symfony2
22921,python-2.7
22763,loops
22663,flex
22542,templates
22414,session
22339,variables
21901,facebook-graph-api
21807,winapi
21562,unix
21161,url
20812,events
20643,excel-vba
20586,cakephp
20495,firefox
20333,ms-access
20312,datetime
20252,table
20162,svn
20148,spring-mvc
20040,windows-phone-7
19981,tomcat
19951,c#-4.0
19823,opencv
19787,pointers
19744,java-ee
19714,object
19625,jquery-mobile
19435,exception
19195,powershell
19178,opengl
19117,batch-file
18916,csv
18734,authentication
18588,servlets
18468,dom
18432,pdf
18425,xslt
18382,visual-c++
18354,animation
18349,generics
18345,grails
18301,ubuntu
18247,search
18246,mod-rewrite
18232,haskell
18097,caching
18016,visual-studio-2012
17901,zend-framework
17821,cordova
17817,iis
17727,math
17723,redirect
17503,select
17385,button
17333,networking
17280,user-interface
17231,jpa
17207,sharepoint
17132,inheritance
17105,sql-server-2005
17044,gwt
17027,post
16807,testing
16560,design-patterns
16400,core-data
16281,audio
16112,backbone.js
16081,azure
16076,nhibernate
16011,gcc
15949,gridview
15788,iframe
15775,stored-procedures
15747,if-statement
15729,c++11
15710,memory
15708,video
15682,android-intent
15613,mobile
15577,extjs
15468,activerecord
15415,join
15383,windows-phone-8
15364,layout
15345,image-processing
15160,razor
15157,selenium
15091,visual-studio-2008
15026,logging
15009,optimization
14974,hadoop
14907,design
14709,curl
14689,ssl
14667,cookies
14657,ios7
14636,drupal
14565,vim
14533,serialization
14401,for-loop
14251,android-activity
14199,canvas
14171,python-3.x
14155,memory-management
14120,ruby-on-rails-4
14014,database-design
13993,web-applications
13990,file-upload
13972,soap
13878,assembly
13837,encryption
13720,heroku
13660,boost
13625,dynamic
13498,text
13473,google-maps-api-3
13451,xpath
13451,asynchronous
13436,netbeans
13299,android-fragments
13144,model-view-controller
13138,file-io
13126,plugins
13043,dll
13039,jdbc
12997,numpy
12919,jsf-2
12709,twitter
12689,mvvm
12655,recursion
12472,web
12464,reflection
12377,data-binding
12185,linq-to-sql
12159,dictionary
12050,checkbox
11884,ios5
11879,random
11805,methods
11794,laravel
11770,browser
11767,knockout.js
11708,amazon-web-services
11703,input
11672,ember.js
11530,data-structures
11456,emacs
11423,android-listview
11402,matrix
11381,service
11329,data
11321,vector
11300,deployment
11227,jquery-plugins
11200,drop-down-menu
11166,phonegap
11101,yii
11068,joomla
11034,view
11010,unicode
10972,ios4
10965,primefaces
10927,graphics
10891,github
10812,gui
10780,svg
10766,encoding
10691,reporting-services
10683,uiview
10675,express
10612,macros
10608,hash
10604,arraylist
10601,javascript-events
10584,time
10573,login
10560,collections
10540,ant
10412,uitableviewcell
10398,printing
10374,command-line
10247,nginx
10234,replace
10145,d3.js
10057,windows-8
10009,binding
9985,version-control
9859,syntax
9825,pdo
9791,solr
9771,memory-leaks
9751,utf-8
9745,groovy
9693,graph
9656,types
9655,datagridview
9620,django-models
9594,map
9594,multidimensional-array
9507,tcp
9498,opengl-es
9484,paypal
9409,asp.net-web-api
9311,orm
9295,rspec
9219,properties
9183,ssh
9160,google-chrome-extension
9148,vbscript
9128,uiviewcontroller
9089,ios6
9072,compiler
9020,windows-7
8995,concurrency
8989,struct
8963,datagrid
8931,awk
8922,matplotlib
8880,menu
8875,mysqli
8872,architecture
8851,fonts
8783,configuration
8776,junit
8769,oauth
8766,intellij-idea
8747,sed
8745,blackberry
8737,parameters
8735,tfs
8731,timer
8701,interface
8699,jar
8679,webview
8658,asp.net-mvc-2
8657,colors
8594,foreach
8566,plsql
8528,import
8482,laravel-4
8480,process
8465,exception-handling
8439,iis-7
8393,struts2
8383,jboss
8383,bitmap
8381,charts
8373,coldfusion
8371,https
8317,error-handling
8307,constructor
8299,combobox
8232,url-rewriting
8232,actionscript
8229,hyperlink
8216,build
8189,asp-classic
8177,filter
8162,plot
8156,stl
8139,casting
8097,jqgrid
8091,model
8083,jenkins
8071,autocomplete
8047,clojure
7990,pandas
7971,background
7961,dependency-injection
7955,com
7923,internet-explorer-8
7899,amazon-ec2
7898,reference
7871,scripting
7863,devise
7858,playframework
7856,.net-4.0
7855,sharepoint-2010
7850,doctrine2
7835,datatable
7823,module
7816,static
7791,webforms
7768,sdk
7754,character-encoding
7722,highcharts
7721,upload
7675,io
7660,tabs
7641,android-asynctask
7637,uiwebview
7626,amazon-s3
7623,sqlite3
7600,enums
7574,triggers
7564,youtube
7549,3d
7486,insert
7470,proxy
7453,ssis
7447,path
7419,xml-parsing
7408,ftp
7391,lambda
7390,mfc
7384,uiscrollview
7319,localization
7317,spring-security
7314,safari
7305,user-controls
7279,google-apps-script
7268,textbox
7258,cuda
7202,permissions
7200,entity-framework-4
7191,transactions
7183,compilation
7154,merge
7138,oracle11g
7073,dns
7046,google-analytics
7041,bluetooth
7036,dojo
7025,vb6
7024,sql-server-2008-r2
7011,kendo-ui
6999,frameworks
6998,crystal-reports
6978,cocos2d-iphone
6972,eclipse-plugin
6967,count
6930,swift
6923,visual-studio-2013
6883,language-agnostic
6880,nullpointerexception
6876,callback
6867,lua
6859,get
6817,drag-and-drop
6803,responsive-design
6755,air
6743,attributes
6730,controller
6725,compiler-errors
6724,drupal-7
6702,while-loop
6680,jquery-selectors
6670,f#
6635,msbuild
6629,indexing
6623,parallel-processing
6614,tree
6608,dialog
6608,terminal
6582,header
6559,uinavigationcontroller
6558,split
6556,ado.net
6544,cmd
6528,phpmyadmin
6505,linux-kernel
6504,meteor
6479,makefile
6476,camera
6464,android-ndk
6460,delete
6457,listbox
6454,ruby-on-rails-3.2
6439,routing
6433,linker
6432,android-emulator
6428,ffmpeg
6410,stream
6409,cross-browser
6397,twitter-bootstrap-3
6390,go
6381,coffeescript
6363,delegates
6361,scroll
6330,xna
6323,lucene
6313,calendar
6310,navigation
6301,null
6299,pagination
6294,mercurial
6251,internationalization
6250,event-handling
6247,onclick
6242,mono
6239,unity3d
6212,uiimageview
6204,active-directory
6195,selenium-webdriver
6176,ggplot2
6162,crash
6140,namespaces
6138,monotouch
6107,datepicker
6097,website
6091,angularjs-directive
6090,websocket
6014,routes
6013,floating-point
6008,coding-style
6008,jaxb
5999,rotation
5994,applet
5990,ide
5924,binary
5907,elasticsearch
5892,tkinter
5880,grid
5870,group-by
5868,notifications
5864,outlook
5848,mapreduce
5841,gps
5831,console
5827,java-me
5826,xsd
5813,resources
5758,tags
5751,uibutton
5746,keyboard
5717,cron
5710,download
5696,windows-runtime
5696,geolocation
5672,scope
5667,telerik
5654,grep
5641,nsstring
5631,xcode4
5629,annotations
5624,ms-word
5619,javafx
5615,garbage-collection
5604,formatting
5584,gradle
5580,xhtml
5579,wsdl
5572,functional-programming
5568,popup
5539,network-programming
5526,automation
5498,resize
5498,android-edittext
5494,rss
5458,.net-3.5
5454,include
5446,linked-list
5442,windows-services
5442,zend-framework2
5438,flask
5398,neo4j
5360,silverlight-4.0
5338,webkit
5333,ruby-on-rails-3.1
5332,gem
5326,uiimage
5321,iterator
5289,django-forms
5270,web-config
5269,android-actionbar
5255,serial-port
5254,hover
5249,textview
5247,wordpress-plugin
5191,django-templates
5171,redis
5169,widget
5163,doctrine
5124,cryptography
5117,passwords
5089,glassfish
5086,windows-phone
5078,maven-2
5070,seo
5058,wix
5034,operating-system
5033,machine-learning
5027,ef-code-first
5026,http-headers
5018,jtable
5016,push-notification
5008,content-management-system
4995,sql-server-2012
4993,x86
4992,rubygems
4976,openssl
4970,click
4936,extjs4
4935,socket.io
4935,android-widget
4930,directory
4917,documentation
4916,playframework-2.0
4915,fluent-nhibernate
4909,slider
4904,modal-dialog
4894,hashmap
4873,mongoose
4863,sqlalchemy
4862,smtp
4855,cassandra
4850,oauth-2.0
4831,treeview
4828,timezone
4822,char
4820,sass
4814,styles
4802,synchronization
4798,linq-to-entities
4780,nosql
4772,jframe
4772,oracle10g
4769,jvm
4760,index
4752,google-api
4749,numbers
4744,mocking
4743,erlang
4722,jni
4719,window
4707,ldap
4692,connection
4690,youtube-api
4680,jasper-reports
4679,filesystems
4665,thread-safety
4663,udp
4657,imageview
4657,position
4657,android-studio
4656,three.js
4654,windows-store-apps
4647,storyboard
4640,cursor
4629,copy
4622,xmlhttprequest
4621,jquery-validate
4609,qt4
4607,installation
4604,scrolling
4584,firefox-addon
4570,arduino
4566,radio-button
4562,gdb
4562,make
4557,integer
4552,statistics
4546,centos
4541,load
4531,xcode5
4525,requirejs
4516,segmentation-fault
4502,request
4478,jquery-animate
4471,timeout
4454,prolog
4439,g++
4439,tinymce
4425,log4j
4416,sms
4412,apache2
4401,jersey
4391,user
4390,parse.com
4385,django-admin
4383,cmake
4381,initialization
4372,find
4372,locking
4352,icons
4348,open-source
4342,cocos2d
4338,html5-canvas
4304,sencha-touch
4298,command
4292,timestamp
4290,pyqt
4283,format
4277,libgdx
4272,foreign-keys
4260,dependencies
4255,dataset
4247,fancybox
4246,stack
4245,installer
4237,in-app-purchase
4235,gtk
4234,webserver
4232,escaping
4216,location
4202,save
4200,xamarin
4195,int
4193,internet-explorer-7
4192,uitextfield
4190,uikit
4188,android-viewpager
4187,set
4182,wpf-controls
4176,sql-update
4176,gmail
4175,nested
4175,refactoring
4174,nsmutablearray
4173,db2
4134,css-float
4132,webdriver
4130,ip
4117,embedded
4107,scipy
4100,cygwin
4096,jpanel
4087,xampp
4080,app-store
4071,singleton
4069,usb
4063,touch
4060,broadcastreceiver
4046,arm
4045,focus
4033,internet-explorer-9
4030,interface-builder
4024,gruntjs
4013,pthreads
4006,alignment
4006,full-text-search
4005,zip
4002,wxpython
4002,sum
3984,kernel
3983,arguments
3980,repository
3974,web-scraping
3962,boolean
3962,dart
3951,ejb
3942,symfony1
3940,compression
3936,comparison
3922,migration
3915,return
3913,queue
3908,httpwebrequest
3904,flex4
3900,nsarray
3900,css-selectors
3899,c++-cli
3877,streaming
3870,odbc
3853,devexpress
3845,ckeditor
3839,google-play
3839,height
3830,imagemagick
3814,mapping
3813,drawing
3796,continuous-integration
3793,compare
3787,registry
3786,client-server
3784,geometry
3782,swt
3772,microsoft-metro
3772,certificate
3768,install
3765,titanium
3764,salesforce
3763,access-vba
3761,polymorphism
3757,interop
3757,sencha-touch-2
3747,uitabbarcontroller
3741,key
3740,maps
3736,applescript
3722,xml-serialization
3720,javafx-2
3713,themes
3712,django-views
3706,phpunit
3703,fortran
3694,tdd
3680,scheme
3679,awt
3678,microsoft
3675,asp.net-ajax
3661,duplicates
3661,drupal-6
3660,editor
3655,programming-languages
3651,export
3648,data.frame
3647,runtime
3647,many-to-many
3642,video-streaming
3633,append
3632,jetty
3630,cross-domain
3623,memcached
3620,comments
3618,order
3617,switch-statement
3617,sinatra
3603,ssrs-2008
3587,entity-framework-5
3574,jms
3564,label
3560,directx
3555,width
3548,package
3547,client
3544,size
3511,printf
3504,textarea
3499,rewrite
3498,asp.net-mvc-5
3498,debian
3490,pdf-generation
3488,lisp
3472,google-drive-sdk
3468,report
3463,localhost
3461,hex
3460,jstl
3458,uilabel
3456,web-browser
3450,double
3448,dynamics-crm-2011
3447,tortoisesvn
3441,type-conversion
3440,less
3439,windows-installer
3438,progress-bar
3429,xmpp
3427,jackson
3426,latex
3411,operator-overloading
3409,linq-to-xml
3394,actionbarsherlock
3389,malloc
3387,ms-access-2007
3386,tooltip
3381,facebook-like
3379,tfs2010
3377,pygame
3377,operators
3375,subquery
3374,associations
3370,64bit
3369,global-variables
3364,authorization
3363,base64
3362,mkmapview
3360,cucumber
3357,facebook-javascript-sdk
3355,mongoid
3342,wso2
3342,http-post
3333,profiling
3332,cgi
3328,twitter-api
3328,nunit
3326,uml
3323,html-lists
3321,google-visualization
3320,magento-1.7
3317,logic
3313,websphere
3310,pattern-matching
3309,liferay
3301,preg-replace
3294,richfaces
3293,html-parsing
3284,png
3284,views
3280,tomcat7
3275,beautifulsoup
3273,wordpress-theming
3272,adobe
3269,excel-formula
3266,computer-vision
3262,android-webview
3262,licensing
3261,submit
3258,iis-7.5
3231,monodroid
3231,google-spreadsheet
3228,struts
3219,entity
3214,expression
3208,couchdb
3203,json.net
3197,osgi
3194,syntax-error
3191,windows-xp
3189,apple
3189,out-of-memory
3186,datatables
3182,file-download
3174,schema
3169,field
3168,facebook-fql
3167,admob
3167,database-connection
3158,textures
3152,core-graphics
3149,hive
3147,2d
3146,nlp
3123,weblogic
3114,fragment
3109,cloud
3109,sharepoint-2007
3102,uicollectionview
3096,cakephp-2.0
3084,cross-platform
3083,domain-driven-design
3082,mingw
3079,core-animation
3072,persistence
3072,windows-mobile
3071,sas
3070,html5-video
3067,scrollbar
3066,closures
3064,character
3057,control
3041,preg-match
3041,ms-office
3038,refresh
3036,sprite-kit
3035,c#-3.0
3028,visual-studio-2005
3027,flash-builder
3015,jsonp
3012,ios-simulator
3012,uitextview
3005,rake
3003,workflow
3000,sql-server-ce
2994,asp.net-membership
2988,wolfram-mathematica
2985,sublimetext2
2983,screen
2980,apple-push-notifications
2980,row
2975,sql-order-by
2973,shared-libraries
2970,wifi
2968,mouseevent
2964,try-catch
2964,entity-framework-4.1
2958,rvm
2947,uinavigationbar
2944,backup
2944,gae-datastore
2939,signals
2939,automatic-ref-counting
2939,override
2936,tcl
2935,pivot
2923,media-queries
2923,task-parallel-library
2921,rendering
2919,glsl
2915,eclipse-rcp
2915,byte
2914,paperclip
2913,angularjs-scope
2913,toggle
2910,itextsharp
2908,range
2907,sbt
2902,components
2896,multiprocessing
2892,nsdate
2884,custom-controls
2882,runtime-error
2880,webbrowser-control
2877,decimal
2876,cxf
2875,iphone-sdk-3.0
2874,servicestack
2872,xml-schema
2871,http-status-code-404
2871,elisp
2863,vsto
2860,controls
2858,android-camera
2857,google-plus
2849,environment-variables
2841,relational-database
2840,jax-ws
2840,buffer
2838,substring
2826,capybara
2821,twig
2813,classpath
2805,local-storage
2804,overflow
2803,subprocess
2801,ember-data
2800,hide
2800,e-commerce
2799,iteration
2794,android-service
2791,woocommerce
2790,flex3
2789,sharedpreferences
2780,asp.net-mvc-routing
2778,typescript
2775,exec
2771,zoom
2769,activex
2767,opengl-es-2.0
2763,eclipselink
2759,compact-framework
2759,hosting
2752,orientation
2751,npm
2750,updatepanel
2747,bytearray
2745,iis-6
2741,apache-poi
2740,query-optimization
2738,mp3
2738,subdomain
2737,border
2736,uri
2733,underscore.js
2722,signalr
2716,wamp
2706,background-image
2703,smarty
2698,media-player
2697,scrollview
2691,max
2686,clang
2685,winrt-xaml
2684,fullcalendar
2679,apache-camel
2678,settings
2674,mapkit
2673,metadata
2665,xpages
2664,structure
2663,scrapy
2660,webgl
2659,folder
2656,jmeter
2655,nsdictionary
2655,version
2653,joomla2.5
2651,excel-2007
2646,warnings
2643,anchor
2642,resharper
2635,prepared-statement
2633,branch
2632,mobile-safari
2631,heap
2631,ascii
2626,conditional
2623,rabbitmq
2623,itext
2620,ms-access-2010
2614,zurb-foundation
2613,listener
2612,action
2607,httprequest
2606,jsoup
2606,simplexml
2605,mouse
2604,output
2602,jax-rs
2601,jasmine
2600,scheduled-tasks
2599,echo
2598,raphael
2593,spinner
2589,ninject
2588,sitecore
2582,left-join
2582,forms-authentication
2581,raspberry-pi
2577,ssl-certificate
2575,inversion-of-control
2571,contextmenu
2570,embed
2566,jbutton
2566,capistrano
2563,sdl
2562,port
2561,ubuntu-12.04
2560,autolayout
2560,chat
2559,android-manifest
2557,fork
2552,hql
2551,prototypejs
2550,gallery
2549,pyqt4
2549,wmi
2548,driver
2548,hbase
2548,teamcity
2546,project
2546,const
2542,storage
2537,css-position
2537,hook
2535,overlay
2535,ocaml
2535,posix
2534,aes
2532,text-files
2524,artificial-intelligence
2521,blob
2519,tuples
2518,gzip
2517,excel-2010
2516,preprocessor
2515,facebook-php-sdk
2514,line
2513,uitableviewcontroller
2509,apk
2507,constraints
2505,kendo-grid
2502,jboss7.x
2501,handlebars.js
2500,parameter-passing
2494,keyboard-shortcuts
2494,console-application
2492,nuget
2488,coordinates
2484,async-await
2484,gson
2483,system
2483,virtual-machine
2478,web-crawler
2476,hudson
2475,uiimagepickercontroller
2473,android-sqlite
2467,notepad++
2465,opencl
2464,mule
2464,mootools
2462,concatenation
2461,worklight
2460,windows-server-2008
2459,nsurlconnection
2459,prototype
2447,clr
2444,block
2442,task
2439,bundle
2439,plist
2438,single-sign-on
2428,diff
2428,swf
2426,match
2417,deserialization
2417,openid
2411,tableview
2408,call
2406,cocos2d-x
2405,android-linearlayout
2405,jpa-2.0
2396,wicket
2394,firebug
2393,google-maps-markers
2393,connection-string
2392,naming-conventions
2389,.net-2.0
2388,url-routing
2386,amazon
2385,pinvoke
2385,filtering
2385,jpeg
2383,form-validation
2383,undefined
2376,automated-tests
2375,rsa
2374,word
2372,query-string
2371,box2d
2361,asset-pipeline
2361,odata
2358,customization
2357,converter
2356,mpi
2355,this
2341,case
2336,master-pages
2334,push
2327,sql-server-2000
2326,android-canvas
2324,shader
2317,phantomjs
2316,transform
2316,adb
2316,ssas
2316,gorm
2315,integration
2315,avfoundation
2315,gnuplot
2315,reporting
2308,haml
2308,datasource
2300,apache-pig
2297,pipe
2291,activemq
2290,hashtable
2288,httpclient
2287,maven-3
2285,special-characters
2280,slideshow
2278,cors
2274,symfony-1.4
2266,element
2265,oledb
2264,static-libraries
2264,dynamics-crm
2258,newline
2255,xslt-1.0
2252,adt
2249,restkit
2247,lazy-loading
2246,common-lisp
2244,translation
2240,osx-lion
2234,log4net
2231,.net-4.5
2231,locale
2223,afnetworking
2223,share
2222,css-transitions
2221,z-index
2220,group
2219,clone
2215,qml
2214,selection
2213,eval
2208,postback
2207,search-engine
2207,unity
2206,richtextbox
2205,javamail
2198,metaprogramming
2195,plone
2194,primary-key
2194,unique
2194,code-generation
2193,adapter
2192,admin
2192,umbraco
2183,powershell-v2.0
2181,selector
2176,exchange-server
2174,integration-testing
2174,android-animation
2168,inner-join
2167,transparency
2166,containers
2163,javabeans
2161,typo3
2157,md5
2156,android-imageview
2155,real-time
2153,internet-explorer-6
2152,antlr
2152,limit
2150,instance
2149,binary-tree
2147,accordion
2146,asmx
2145,delphi-xe2
2145,codeigniter-2
2140,constants
2137,neural-network
2133,protocols
2131,moq
2129,backgroundworker
2128,windows-ce
2127,stylesheet
2124,bundler
2122,classloader
2121,nokogiri
2120,opencart
2118,jruby
2116,font-face
2116,innodb
2114,positioning
2113,google-calendar
2112,xss
2112,clickonce
2111,gd
2110,eloquent
2110,bind
2110,ipc
2109,handler
2108,android-arrayadapter
2108,cluster-computing
2104,session-variables
2103,dnn
2101,panel
2099,bit-manipulation
2096,qt-creator
2094,response
2092,abstract-class
2089,pip
2088,castle-windsor
2087,screenshot
2084,href
2083,corona
2083,llvm
2082,andengine
2082,assemblies
2081,windows-8.1
2079,inputstream
2079,delphi-7
2069,jade
2067,vagrant
2064,emulator
2061,parent-child
2055,akka
2054,celery
2053,sharepoint2013
2050,uigesturerecognizer
2050,distinct
2049,collision-detection
2048,xcode4.2
2047,thumbnails
2047,screen-scraping
2043,overloading
2043,html-table
2039,nhibernate-mapping
2039,powerpoint
2037,frame
2037,ipython
2035,sprite
2034,breeze
2034,imap
2023,xquery
2023,cell
2020,kineticjs
2019,ajaxcontroltoolkit
2015,cakephp-1.3
2015,draggable
2014,boost-asio
2014,loading
2013,scale
2013,threadpool
2012,yaml
2010,setup
2006,gpu
2001,signal-processing
1999,testng
1997,kohana
1996,add
1992,openerp
1992,union
1985,viewmodel
1985,fullscreen
1982,orchardcms
1981,return-value
1979,command-line-arguments
1977,processing
1975,standards
1971,twisted
1969,repeater
1969,mpmovieplayercontroller
1968,linux-device-driver
1967,replication
1966,time-series
1966,whitespace
1966,relativelayout
1962,phonegap-plugins
1962,delay
1949,build-process
1948,accessibility
1947,angularjs-ng-repeat
1946,big-o
1943,exe
1941,marshalling
1936,google-drive
1934,external
1926,hardware
1925,windows-phone-7.1
1923,grouping
1923,netty
1920,extract
1919,cpu
1915,app-config
1912,ejb-3.0
1908,condition
1907,prism
1905,function-pointers
1904,osx-mavericks
1904,syntax-highlighting
1903,ip-address
1903,automapper
1900,python-imaging-library
1897,passenger
1895,android-mapview
1894,actionlistener
1894,quartz-scheduler
1894,center
1894,axis2
1892,extension-methods
1889,inline
1887,monodevelop
1886,webclient
1884,config
1883,openlayers
1882,virtualenv
1880,chef
1879,render
1879,media
1878,android-mediaplayer
1878,mips
1877,generator
1876,carousel
1876,sh
1865,android-tabhost
1865,virtualbox
1862,jscrollpane
1860,dreamweaver
1858,uisearchbar
1857,markdown
1856,settimeout
1856,fft
1855,variable-scope
1854,bootstrap
1854,margin
1854,ienumerable
1852,context
1850,virtual
1845,session-cookies
1845,greasemonkey
1843,subclass
1843,manifest
1842,openmp
1841,gdi+
1841,google-play-services
1837,google-chrome-devtools
1830,mockito
1828,inno-setup
1827,uialertview
1825,composer-php
1825,message
1824,kinect
1824,objective-c-blocks
1823,paypal-api
1822,hdfs
1820,aggregate-functions
1816,alert
1815,where
1815,nfc
1807,sql-injection
1805,source-code
1803,html-agility-pack
1803,actionscript-2
1802,token
1801,google-maps-android-api-2
1801,jquery-ui-dialog
1798,mutex
1798,wxwidgets
1796,links
1795,alarmmanager
1794,gis
1792,native
1785,monitoring
1785,lotus-notes
1783,uipickerview
1782,qt5
1782,android-contentprovider
1781,code-coverage
1774,cypher
1773,repository-pattern
1772,sequence
1770,zend-form
1767,complexity-theory
1766,dropbox
1766,draw
1764,java-util-scanner
1764,internet
1763,lightbox
1762,drawable
1761,itunesconnect
1759,facebook-opengraph
1759,stdout
1759,aptana
1758,vaadin
1757,default
1755,paint
1753,global
1752,filenames
1752,rails-activerecord
1750,android-view
1749,android-textview
1747,selenium2
1747,expandablelistview
1746,mvvm-light
1746,wrapper
1745,project-management
1745,xcode4.5
1744,sync
1744,geocoding
1742,std
1742,itunes
1741,urllib2
1740,jira
1739,solaris
1738,source
1737,variable-assignment
1735,data.table
1735,intellisense
1734,tomcat6
1733,jlabel
1732,vhdl
1732,upgrade
1731,lxml
1726,aop
1726,jfreechart
1719,linkedin
1719,mime-types
1718,calayer
1717,mef
1716,yui
1715,surfaceview
1714,activeadmin
1712,firebase
1710,wpfdatagrid
1709,pass-by-reference
1708,wildcard
1703,padding
1701,ios8
1701,parent
1699,grand-central-dispatch
1697,analytics
1697,promise
1694,compatibility
1694,string-formatting
1694,colorbox
1693,nsuserdefaults
1693,codeblocks
1693,visualization
1692,android-gcm
1692,facebook-c#-sdk
1688,war
1687,kml
1687,visibility
1686,mstest
1682,footer
1682,jquery-ui-datepicker
1679,sql-azure
1679,rename
1677,each
1675,add-in
1674,transition
1672,blogs
1671,pygtk
1670,mediawiki
1667,nspredicate
1667,wcf-data-services
1666,versioning
1665,racket
1663,load-balancing
1662,combinations
1662,rmi
1660,compass-sass
1660,speech-recognition
1660,mechanize
1660,jndi
1659,internet-explorer-10
1658,computer-science
1657,game-engine
1655,el
1655,store
1655,mdx
1651,aggregate
1649,sendmail
1646,rdf
1645,release
1644,alias
1642,cdi
1642,message-queue
1641,jtextfield
1639,ravendb
1638,segue
1638,omniauth
1636,java-ee-6
1635,textfield
1633,client-side
1630,reportviewer
1629,dataannotations
1625,lwjgl
1623,partial-views
1621,ado
1616,contacts
1616,carrierwave
1615,counter
1615,java-7
1615,webpage
1614,openshift
1613,extjs4.1
1612,histogram
1606,drupal-modules
1605,dos
1605,core-audio
1605,clipboard
1604,sphinx
1602,crontab
1602,cli
1601,wysiwyg
1601,paypal-ipn
1601,user-input
1601,ocr
1600,executable
1600,windows-vista
1597,nstimer
1597,webcam
1596,local
1596,pydev
1595,tfs2012
1594,relationship
1592,datatemplate
1590,google-oauth
1589,netbeans-7
1588,html-email
1585,root
1581,scikit-learn
1581,tornado
1580,observablecollection
1580,device
1576,marionette
1576,facelets
1575,windows-phone-8.1
1575,rows
1574,decorator
1573,web-security
1573,one-to-many
1570,octave
1569,music
1568,openxml
1566,guava
1566,time-complexity
1565,twitter-oauth
1565,opera
1562,javadoc
1562,classification
1561,xslt-2.0
1560,biztalk
1559,windows-azure-storage
1558,mvvmcross
1557,nodes
1556,silverlight-3.0
1555,godaddy
1554,form-submit
1552,payment-gateway
1547,edit
1546,show
1546,obfuscation
1545,html-helper
1544,uistoryboard
1541,nsdata
1541,sap
1541,code-first
1540,perforce
1540,scalability
1539,proguard
1538,glassfish-3
1538,permutation
1537,equals
1536,registration
1535,deadlock
1534,document
1533,mouseover
1531,cluster-analysis
1530,vertical-alignment
1529,accelerometer
1529,protocol-buffers
1529,connect
1528,sybase
1526,desktop-application
1525,avaudioplayer
1525,flash-cs5
1522,xib
1520,jython
1519,social-networking
1518,benchmarking
1517,osx-mountain-lion
1517,binary-search-tree
1517,instagram
1516,valgrind
1516,pyside
1516,maven-plugin
1513,nsdateformatter
1512,mamp
1511,average
1510,office-interop
1509,polygon
1508,jquery-datatables
1508,32bit-64bit
1506,connection-pooling
1505,entity-relationship
1505,build-automation
1504,watir
1504,core-plot
1503,commit
1503,oracle-sqldeveloper
1502,formula
1499,setinterval
1499,html-select
1498,gradient
1496,tumblr
1494,spring-data
1492,spreadsheet
1491,system.reactive
1491,wget
1491,opengraph
1490,onclicklistener
1490,rdlc
1490,aspectj
1490,stackoverflow
1488,mysql-workbench
1488,captcha
1488,drupal-views
1486,bigdata
1486,linker-error
1485,attachment
1484,prestashop
1484,jqplot
1483,cross-compiling
1483,sftp
1482,database-schema
1481,msmq
1480,paging
1479,show-hide
1477,criteria
1476,simulation
1475,doxygen
1475,factory-girl
1473,liferay-6
1473,c#-2.0
1469,alertdialog
1468,guice
1467,cpanel
1465,d
1464,bdd
1463,eclipse-cdt
1463,fadein
1463,sleep
1462,bitwise
1461,ssms
1459,java-8
1458,like
1457,angular-ui
1457,models
1456,.net-assembly
1455,web-parts
1455,directshow
1453,junit4
1453,grammar
1452,data-mining
1452,opacity
1451,clearcase
1451,entity-framework-6
1451,mod-wsgi
1449,reverse-engineering
1448,bitbucket
1447,category
1444,vb.net-2010
1443,nio
1443,axis
1442,phpexcel
1441,uisplitviewcontroller
1441,filestream
1440,communication
1439,free
1436,state
1435,physics
1434,export-to-excel
1433,simple-form
1430,domdocument
1429,sparql
1427,workflow-foundation-4
1427,normalization
1427,alfresco
1426,nullreferenceexception
1426,software-engineering
1424,typedef
1422,c++builder
1421,jcombobox
1421,vmware
1421,homebrew
1421,firebird
1421,calculator
1421,windbg
1421,destructor
1420,weka
1420,title
1420,exc-bad-access
1420,x11
1419,distance
1416,osx-snow-leopard
1416,httpresponse
1416,sip
1416,header-files
1411,verilog
1411,crm
1409,installshield
1409,dependency-properties
1408,daemon
1407,silverlight-5.0
1407,git-svn
1406,google-docs
1405,actionmailer
1404,android-spinner
1403,rgb
1403,latitude-longitude
1402,ioc-container
1402,new-operator
1402,nservicebus
1401,geospatial
1400,windows-authentication
1400,ireport
1399,background-color
1395,embedded-linux
1395,command-prompt
1394,flex4.5
1394,onchange
1393,portlet
1393,server-side
1391,swipe
1390,crop
1388,stdin
1388,mysqldump
1386,wait
1385,packages
1383,ironpython
1383,enterprise-library
1382,asterisk
1380,core-location
1379,titanium-mobile
1379,fetch
1379,scheduling
1378,pom.xml
1376,jodatime
1376,jquery-autocomplete
1374,nstableview
1372,swig
1370,barcode
1369,pyramid
1369,winsock
1368,sonar
1368,feed
1368,virtualhost
1363,batch-processing
1361,uipopovercontroller
1361,photo
1359,record
1359,sencha
1358,libcurl
1358,private
1357,jinja2
1357,viewstate
1357,phpmailer
1355,nsis
1355,acl
1354,soundcloud
1354,declaration
1354,nltk
1351,list-comprehension
1350,tabcontrol
1348,uibarbuttonitem
1348,viewport
1347,desktop
1346,publish
1346,option
1345,sandbox
1345,lucene.net
1344,nasm
1344,reload
1344,file-permissions
1343,flot
1343,hierarchy
1343,soa
1342,development-environment
1341,seam
1339,game-center
1338,iostream
1337,bluetooth-lowenergy
1337,csrf
1336,asihttprequest
1336,user-defined-functions
1336,messaging
1335,pymongo
1335,layout-manager
1334,bing-maps
1333,hibernate-mapping
1333,libraries
1332,msi
1331,bar-chart
1331,phpstorm
1330,fopen
1329,html5-audio
1329,auto-increment
1328,memory-allocation
1328,payment
1325,sails.js
1325,photoshop
1325,erb
1324,uitabbar
1323,soapui
1322,appcelerator
1321,rpc
1320,autofac
1319,asp.net-4.0
1317,sortable
1316,decode
1316,wso2esb
1316,updates
1315,nsfetchedresultscontrolle
1315,icloud
1313,docker
1313,resolution
1312,sublimetext
1312,picturebox
1310,cllocationmanager
1310,jekyll
1310,tracking
1309,bufferedreader
1308,google-places-api
1308,text-to-speech
1308,web-api
1307,pear
1306,shared-memory
1305,leaflet
1305,pixel
1304,ibm
1301,distribution
1301,gstreamer
1300,virtualization
1299,session-state
1298,terminology
1297,selenium-rc
1297,keypress
1296,paypal-sandbox
1294,pivot-table
1293,android-xml
1293,web-deployment
1291,cvs
1290,implementation
1289,blackberry-10
1288,font-size
1287,scanf
1287,shared-ptr
1286,cruisecontrol.net
1286,shopping-cart
1284,associative-array
1281,x86-64
1281,structuremap
1277,breakpoints
1277,semaphore
1277,file-get-contents
1277,crud
1276,instruments
1275,main
1273,code-behind
1272,startup
1268,regression
1267,where-clause
1266,windows-server-2008-r2
1266,2d-array
1266,data-visualization
1265,move
1264,infinite-loop
1262,videoview
1261,delphi-2010
1260,hsqldb
1259,background-process
1257,sqlplus
1255,xul
1255,xdebug
1254,qr-code
1254,immutability
1252,foursquare
1252,content-type
1252,menuitem
1248,monads
1247,hidden
1247,frontend
1246,getjson
1246,derby
1246,ksh
1244,spring-batch
1242,wcf-binding
1242,openstreetmap
1241,puppet
1241,android-ui
1241,zsh
1240,google-glass
1240,text-editor
1240,data-modeling
1239,android-4.0
1238,glut
1238,svm
1237,zxing
1236,telnet
1235,highlight
1233,voip
1233,fedora
1233,guid
1232,rally
1232,poco
1231,transformation
1231,mocha
1230,android-custom-view
1230,history
1229,android-alertdialog
1229,subsonic
1229,dataframes
1228,word-vba
1227,video-capture
1227,toolbar
1227,workflow-foundation
1227,linear-algebra
1226,gdi
1224,user-agent
1224,microcontroller
1223,drools
1223,conflict
1223,dao
1222,audio-streaming
1221,collision
1221,send
1221,wav
1220,jmx
1218,nested-forms
1218,model-binding
1218,resultset
1218,xml-rpc
1217,pentaho
1216,keyword
1216,copy-paste
1216,gnu
1214,java-web-start
1212,httpurlconnection
1211,jenkins-plugins
1211,web-hosting
1211,sax
1211,python-requests
1210,yeoman
1209,project-euler
1207,dynamic-programming
1205,zeromq
1205,interpolation
1204,increment
1202,android-softkeyboard
1201,spotify
1201,firewall
1201,ctypes
1199,contenteditable
1199,sitemap
1197,google-bigquery
1196,tfsbuild
1196,in-app-billing
1195,com-interop
1191,wordpress-plugin-dev
1189,tastypie
1189,autohotkey
1187,winjs
1187,joomla1.5
1187,slide
1187,stack-trace
1185,configuration-files
1185,interrupt
1185,remote-access
1185,vpn
1184,asp.net-identity
1184,probability
1183,browser-cache
1182,ehcache
1181,android-contacts
1180,imagebutton
1180,rack
1179,facebook-login
1176,facebook-apps
1176,progressdialog
1176,live
1175,gpgpu
1174,android-notifications
1174,operator-keyword
1173,mp4
1171,jquery-ui-tabs
1171,indentation
1171,windows-server-2003
1170,google-analytics-api
1170,django-rest-framework
1169,webrtc
1169,postgis
1168,jquery-ui-autocomplete
1168,static-methods
1167,facebook-ios-sdk
1166,gif
1166,meta-tags
1165,jstree
1164,onload
1164,logcat
1164,gnu-make
1162,reverse
1161,vectorization
1161,wampserver
1160,multiple-columns
1160,assets
1160,checkout
1159,foreign-key-relationship
1159,jtextarea
1158,wcf-ria-services
1158,postgresql-9.1
1158,date-format
1158,linq-to-objects
1158,web.xml
1158,gcm
1157,outlook-addin
1156,redmine
1156,achartengine
1156,bufferedimage
1155,scaling
1154,preferences
1153,instantiation
1153,plpgsql
1152,firefox-addon-sdk
1152,highstock
1150,h.264
1150,factory
1150,innerhtml
1150,tablet
1150,navigation-drawer
1149,offset
1148,product
1148,windows-7-x64
1148,code-signing
1148,dijit
1147,servlet-filters
1147,currency
1147,jailbreak
1146,require
1146,google-apps
1146,fade
1145,fosuserbundle
1145,tridion
1145,transparent
1144,embedded-resource
1144,x509certificate
1144,javascript-library
1144,ping
1144,expression-blend
1143,birt
1142,fiddler
1142,cdn
1140,pycharm
1140,mozilla
1138,pipes
1138,web2py
1136,uilocalnotification
1136,jlist
1136,subset
1135,google-cloud-storage
1135,theory
1134,single-page-application
1134,expressionengine
1133,velocity
1131,django-queryset
1131,nsxmlparser
1129,digital-signature
1128,quartz-graphics
1128,atomic
1128,cpu-usage
1128,apex-code
1128,jwplayer
1128,archive
1127,cancan
1124,intel
1124,noclassdeffounderror
1122,uploadify
1122,jpql
1122,relative-path
1122,asp.net-3.5
1121,radio
1121,lotus-domino
1121,expect
1120,facebook-android-sdk
1120,xcode4.3
1120,sql-server-express
1119,telerik-grid
1118,p2p
1117,custom-post-type
1117,encode
1116,image-uploading
1116,nvidia
1116,image-manipulation
1115,jquery-ui-draggable
1114,define
1114,lamp
1114,delayed-job
1113,multiple-inheritance
1109,str-replace
1109,reset
1108,rspec2
1108,splash-screen
1108,websphere-mq
1107,javac
1106,dispose
1106,vlc
1106,spring-integration
1106,fixed
1105,twilio
1105,code-analysis
1104,xna-4.0
1103,abstract
1103,cython
1101,bison
1100,json-encode
1098,css-animations
1097,basic-authentication
1096,dllimport
1095,multilingual
1093,navbar
1093,backend
1092,delphi-xe
1092,gesture
1092,distributed
1092,statusbar
1091,redhat
1091,profile
1086,google-fusion-tables
1086,expression-trees
1085,dotnetopenauth
1085,fastcgi
1084,javafx-8
1084,jquery-ui-sortable
1083,iad
1083,game-physics
1083,esb
1082,vi
1081,h2
1080,extjs4.2
1080,resteasy
1078,primes
1078,urlencode
1078,slf4j
1078,t4
1078,space
1076,smartgwt
1076,dry
1075,durandal
1074,comet
1073,wsgi
1071,remote-debugging
1071,django-urls
1071,webmatrix
1070,contains
1070,greatest-n-per-group
1070,blogger
1070,code-review
1069,identity
1068,mysql-python
1068,rdbms
1067,watir-webdriver
1066,infragistics
1065,pascal
1065,nsview
1065,ksoap2
1064,computational-geometry
1064,graph-theory
1063,wcf-security
1063,mxml
1063,scheduler
1062,coldfusion-9
1062,interpreter
1059,git-branch
1058,axapta
1056,video-processing
1055,selenium-ide
1054,sublimetext3
1054,circle
1053,long-integer
1053,caliburn.micro
1052,tcpclient
1052,bouncycastle
1051,wif
1050,angular-ui-bootstrap
1050,offline
1049,data-access-layer
1049,exit
1048,android-preferences
1048,datetimepicker
1048,quotes
1047,spring-roo
1047,fadeout
1046,rsync
1044,mobile-website
1044,nullable
1044,roles
1043,nested-attributes
1043,filepath
1043,mvp
1042,augmented-reality
1042,shopify
1041,plyr
1041,android-fragmentactivity
1041,tablesorter
1040,ribbon
1039,wireshark
1038,drag
1038,vimscript
1036,shape
1036,snmp
1036,lookup
1035,lift
1035,patch
1034,jquery-select2
1034,audio-recording
1032,angular-ui-router
1032,rhino-mocks
1029,load-testing
1027,jdk
1025,grails-2.0
1025,datacontext
1025,tar
1025,compiler-warnings
1024,avd
1023,urllib
1022,template-engine
1021,agile
1021,mime
1020,informix
1020,unmanaged
1019,semantics
1018,ads
1017,uuid
1016,c++0x
1015,setup-project
1014,performance-testing
1013,ghc
1013,wiki
1013,freemarker
1012,xcode6
1011,passport
1011,twitter4j
1011,fstream
1009,grails-plugin
1009,org-mode
1009,ssrs-reports
1008,mustache
1008,reverse-proxy
1008,helper
1007,gettext
1006,deprecated
1005,knitr
1005,binaryfiles
1005,symlink
1004,nsmanagedobject
1003,jquery-isotope
1002,joomla3.0
1002,ivy
1002,target
1002,bytecode
1001,tokenize
1001,jface
